m_name,m_size,extra_bps,bps_names
TWOWAY.2HW8.0,12.0,0.0,
TWOWAY.1DUQ.1,9.0,1.0,D225-G408|
TWOWAY.1DUQ.0,9.0,0.0,
TWOWAY.1DUQ.3,9.0,0.0,
TWOWAY.1DUQ.2,9.0,0.0,
TWOWAY.1DUQ.7,5.0,1.0,D225-G408|
TWOWAY.4KQ0.0,6.0,0.0,
TWOWAY.4KQ0.1,6.0,0.0,
TWOWAY.4KQ0.2,6.0,0.0,
TWOWAY.4KQ0.3,6.0,0.0,
TWOWAY.4KQ0.4,6.0,0.0,
TWOWAY.1M5O.2,6.0,0.0,
TWOWAY.1JZV.1,5.0,1.0,B11-D33|
TWOWAY.1JZV.0,5.0,1.0,B13-D31|
TWOWAY.1M5O.1,6.0,0.0,
TWOWAY.3NKB.0,5.0,0.0,
TWOWAY.3UMY.0,6.0,0.0,
TWOWAY.3UMY.1,13.0,0.0,
TWOWAY.1JID.0,8.0,0.0,
TWOWAY.1OOA.0,8.0,0.0,
TWOWAY.4E5C.0,6.0,0.0,
TWOWAY.1OOA.2,11.0,0.0,
TWOWAY.3GX5.2,7.0,1.0,A11-A44|
TWOWAY.3GX5.1,6.0,0.0,
TWOWAY.3GX5.0,13.0,0.0,
TWOWAY.3LOA.1,6.0,1.0,A1406-B1495|
TWOWAY.3LOA.0,9.0,0.0,
TWOWAY.3CGS.0,7.0,1.0,A6-B20|
TWOWAY.3R1D.4,6.0,0.0,
TWOWAY.4KTG.1,6.0,0.0,
TWOWAY.4KTG.2,6.0,0.0,
TWOWAY.4KTG.3,6.0,0.0,
TWOWAY.4KTG.4,6.0,0.0,
TWOWAY.3R1D.1,6.0,0.0,
TWOWAY.1S72.57,12.0,1.0,02576-02800|
TWOWAY.1S72.54,13.0,0.0,
TWOWAY.1S72.53,14.0,2.0,02661-02812|02662-02816|
TWOWAY.1S72.52,8.0,0.0,
TWOWAY.1S72.51,10.0,0.0,
TWOWAY.1RPU.0,6.0,0.0,
TWOWAY.3R1C.34,6.0,0.0,
TWOWAY.3R1C.31,6.0,0.0,
TWOWAY.3R1C.30,6.0,0.0,
TWOWAY.3R1C.33,6.0,0.0,
TWOWAY.3R1C.32,6.0,0.0,
TWOWAY.2OE5.1,9.0,0.0,
TWOWAY.2OE5.0,6.0,0.0,
TWOWAY.157D.1,6.0,0.0,
TWOWAY.157D.0,6.0,0.0,
TWOWAY.4LVZ.0,5.0,1.0,A23-A67|
TWOWAY.4E59.0,6.0,0.0,
TWOWAY.4L8H.0,5.0,0.0,
TWOWAY.1MSW.0,6.0,0.0,
TWOWAY.1QBP.0,8.0,0.0,
TWOWAY.1QBP.1,8.0,0.0,
TWOWAY.1QBP.2,8.0,0.0,
TWOWAY.439D.0,6.0,0.0,
TWOWAY.3NJ7.4,6.0,0.0,
TWOWAY.3NJ7.5,6.0,0.0,
TWOWAY.3NJ7.2,6.0,0.0,
TWOWAY.3NJ7.3,6.0,0.0,
TWOWAY.3NJ7.0,6.0,0.0,
TWOWAY.3NJ7.1,6.0,0.0,
TWOWAY.1S72.86,6.0,0.0,
TWOWAY.1S72.87,5.0,3.0,02109-02467|0766-02478|0767-02110|
TWOWAY.1S72.81,6.0,2.0,01418-01446|01416-01685|
TWOWAY.1S72.82,6.0,1.0,01746-02032|
TWOWAY.1S72.83,5.0,2.0,0830-02022|0851-02022|
TWOWAY.3TD0.1,7.0,0.0,
TWOWAY.1S72.88,6.0,0.0,
TWOWAY.1S72.89,5.0,1.0,0921-02279|
TWOWAY.3TD0.3,6.0,0.0,
TWOWAY.3BNQ.1,9.0,0.0,
TWOWAY.1NUV.0,10.0,2.0,A25-G25|A24-G24|
TWOWAY.1NUV.1,10.0,3.0,C24-E24|C25-E25|C26-E26|
TWOWAY.1M5O.0,6.0,0.0,
TWOWAY.1NUV.3,10.0,2.0,A25-G25|A24-G24|
TWOWAY.1S72.24,10.0,3.0,01075-01098|01085-01097|01106-01257|
TWOWAY.1S72.25,13.0,2.0,01109-01247|01242-01247|
TWOWAY.3TD0.0,6.0,0.0,
TWOWAY.3TD0.2,7.0,0.0,
TWOWAY.1S72.19,8.0,3.0,0775-0868|0867-0870|0867-0880|
TWOWAY.1S72.18,7.0,2.0,0830-02022|0851-02022|
TWOWAY.1S72.13,10.0,1.0,0231-0666|
TWOWAY.1S72.12,13.0,0.0,
TWOWAY.1S72.11,11.0,2.0,0565-01264|0566-01093|
TWOWAY.1S72.10,8.0,0.0,
TWOWAY.1S72.17,10.0,0.0,
TWOWAY.1S72.15,6.0,2.0,0900-02101|0901-01358|
TWOWAY.1S72.14,10.0,0.0,
TWOWAY.3TZR.1,9.0,1.0,A53-B109|
TWOWAY.3TZR.0,8.0,0.0,
TWOWAY.3TZR.2,5.0,0.0,
TWOWAY.420D.0,6.0,0.0,
TWOWAY.420D.1,6.0,0.0,
TWOWAY.2FQN.1,9.0,0.0,
TWOWAY.2FQN.0,6.0,0.0,
TWOWAY.1S72.93,5.0,0.0,
TWOWAY.2FQN.2,9.0,0.0,
TWOWAY.1S72.68,5.0,1.0,0153-0439|
TWOWAY.1S72.69,6.0,1.0,0247-0264|
TWOWAY.1S72.67,5.0,1.0,0449-01349|
TWOWAY.1S72.64,8.0,0.0,
TWOWAY.1S72.65,7.0,0.0,
TWOWAY.1S72.62,10.0,2.0,938-945|939-944|
TWOWAY.1S72.63,13.0,0.0,
TWOWAY.1S72.60,8.0,2.0,01787-02875|01806-02883|
TWOWAY.1S72.61,14.0,1.0,93-925|
TWOWAY.3LRR.0,6.0,0.0,
TWOWAY.1S72.3,13.0,0.0,
TWOWAY.1S72.2,8.0,0.0,
TWOWAY.1S72.1,7.0,2.0,041-0151|0152-0440|
TWOWAY.1S72.0,14.0,2.0,0520-0638|0521-01364|
TWOWAY.1S72.7,15.0,0.0,
TWOWAY.1S72.6,13.0,0.0,
TWOWAY.1S72.5,13.0,0.0,
TWOWAY.1S72.4,15.0,5.0,0161-0892|0162-0893|0164-0222|0171-0221|0171-0222|
TWOWAY.3FO4.0,6.0,0.0,
TWOWAY.1Q96.2,15.0,0.0,
TWOWAY.1Q96.1,15.0,0.0,
TWOWAY.1Q96.0,15.0,0.0,
TWOWAY.4N0T.2,6.0,0.0,
TWOWAY.4N0T.3,7.0,0.0,
TWOWAY.4N0T.0,12.0,0.0,
TWOWAY.1S72.97,7.0,0.0,
TWOWAY.1QTQ.0,6.0,0.0,
TWOWAY.1JBS.0,13.0,0.0,
TWOWAY.1JBS.1,13.0,0.0,
TWOWAY.402D.0,8.0,0.0,
TWOWAY.1T0D.3,6.0,0.0,
TWOWAY.1T0D.1,6.0,0.0,
TWOWAY.3NPQ.2,8.0,0.0,
TWOWAY.3P59.1,9.0,0.0,
TWOWAY.3NPQ.1,8.0,0.0,
TWOWAY.1OOA.1,11.0,0.0,
TWOWAY.3R2D.1,6.0,0.0,
TWOWAY.3R2D.0,8.0,0.0,
TWOWAY.1S72.22,12.0,0.0,
TWOWAY.1S72.23,8.0,0.0,
TWOWAY.1S72.20,16.0,1.0,0943-01025|
TWOWAY.1Z7F.1,6.0,0.0,
TWOWAY.2UWM.2,5.0,0.0,
TWOWAY.2UWM.1,5.0,0.0,
TWOWAY.2UWM.0,6.0,0.0,
TWOWAY.1S72.28,6.0,1.0,0449-01349|
TWOWAY.1S72.29,13.0,1.0,0316-01314|
TWOWAY.2GDI.7,5.0,1.0,Y24-Y37|
TWOWAY.1JBR.1,15.0,0.0,
TWOWAY.2FQN.3,6.0,0.0,
TWOWAY.4KTG.0,6.0,0.0,
TWOWAY.3R1C.9,6.0,0.0,
TWOWAY.3R1C.8,6.0,0.0,
TWOWAY.3R1C.7,6.0,0.0,
TWOWAY.3R1C.6,6.0,0.0,
TWOWAY.3R1C.5,6.0,0.0,
TWOWAY.3R1C.4,6.0,0.0,
TWOWAY.3R1C.3,6.0,0.0,
TWOWAY.3R1C.2,6.0,0.0,
TWOWAY.3R1C.1,6.0,0.0,
TWOWAY.3R1C.0,6.0,0.0,
TWOWAY.2PN4.4,9.0,0.0,
TWOWAY.3FOZ.1,6.0,0.0,
TWOWAY.1S72.91,5.0,0.0,
TWOWAY.1S72.90,5.0,0.0,
TWOWAY.2PN4.0,8.0,0.0,
TWOWAY.1S72.96,5.0,0.0,
TWOWAY.2PN4.2,9.0,0.0,
TWOWAY.1S72.94,6.0,1.0,0631-02607|
TWOWAY.2GDI.4,10.0,3.0,X19-X42|X21-X71|X41-X48|
TWOWAY.1J9H.3,5.0,2.0,C25-D30|C26-D31|
TWOWAY.1J9H.0,5.0,2.0,A3-B16|A4-B17|
TWOWAY.1S72.98,5.0,1.0,02756-02896|
TWOWAY.2GDI.1,10.0,0.0,
TWOWAY.2GDI.3,10.0,0.0,
TWOWAY.4LGT.3,5.0,0.0,
TWOWAY.4LGT.2,5.0,0.0,
TWOWAY.409D.2,8.0,2.0,E36-F45|E37-F44|
TWOWAY.409D.1,8.0,2.0,C20-D29|C21-D28|
TWOWAY.409D.0,8.0,2.0,A4-B13|A5-B12|
TWOWAY.1R3E.1,7.0,0.0,
TWOWAY.1R3E.0,7.0,0.0,
TWOWAY.1S72.100,6.0,0.0,
TWOWAY.1S72.101,5.0,1.0,01076-987|
TWOWAY.1S72.102,6.0,0.0,
TWOWAY.3B31.0,5.0,0.0,
TWOWAY.1ZH5.0,6.0,0.0,
TWOWAY.3CGP.0,7.0,1.0,A6-B21|
TWOWAY.3BNO.6,11.0,1.0,C12-D9|
TWOWAY.3BNO.7,6.0,0.0,
TWOWAY.3BNO.4,6.0,0.0,
TWOWAY.3BNO.2,11.0,1.0,A12-B9|
TWOWAY.3BNO.3,6.0,0.0,
TWOWAY.3BNO.0,6.0,0.0,
TWOWAY.3BNO.1,11.0,1.0,A9-B12|
TWOWAY.3R1C.35,6.0,0.0,
TWOWAY.2R20.0,6.0,2.0,A6-B21|A8-B19|
TWOWAY.3DIL.4,6.0,1.0,A40-A52|
TWOWAY.3DIL.5,5.0,0.0,
TWOWAY.3DIL.2,6.0,0.0,
TWOWAY.3DIL.3,5.0,1.0,A14-A81|
TWOWAY.3DIL.0,8.0,0.0,
TWOWAY.3DIL.1,17.0,2.0,A68-A126|A69-A127|
TWOWAY.1S72.59,11.0,0.0,
TWOWAY.4KYY.1,6.0,0.0,
TWOWAY.1S72.58,7.0,0.0,
TWOWAY.4KYY.0,6.0,0.0,
TWOWAY.4FNJ.1,6.0,0.0,
TWOWAY.1S72.79,5.0,0.0,
TWOWAY.1S72.78,5.0,3.0,01109-01247|0580-01110|0580-01253|
TWOWAY.1S72.74,5.0,2.0,0857-01831|0857-01845|
TWOWAY.1S72.77,5.0,0.0,
TWOWAY.1S72.76,5.0,1.0,0943-01025|
TWOWAY.1S72.71,5.0,1.0,0243-0274|
TWOWAY.2HOJ.0,10.0,3.0,A19-A42|A21-A71|A41-A48|
TWOWAY.3AM1.0,6.0,0.0,
TWOWAY.3BNQ.0,6.0,0.0,
TWOWAY.1LNT.0,12.0,0.0,
TWOWAY.3BNQ.2,9.0,0.0,
TWOWAY.3BNQ.3,6.0,0.0,
TWOWAY.3BNQ.4,6.0,0.0,
TWOWAY.3BNQ.5,9.0,0.0,
TWOWAY.3BNQ.6,9.0,0.0,
TWOWAY.3BNQ.7,6.0,0.0,
TWOWAY.3SYW.2,6.0,0.0,
TWOWAY.3SYW.0,6.0,0.0,
TWOWAY.3SYW.1,6.0,0.0,
TWOWAY.3R1C.20,6.0,0.0,
TWOWAY.1Z7F.0,6.0,0.0,
TWOWAY.3EGZ.0,6.0,0.0,
TWOWAY.1I9X.0,5.0,0.0,
TWOWAY.1JBR.0,15.0,0.0,
TWOWAY.1FEU.1,18.0,1.0,C99-E79|
TWOWAY.1FEU.0,18.0,1.0,C99-E79|
TWOWAY.3MEI.2,5.0,0.0,
TWOWAY.3LA5.0,6.0,0.0,
TWOWAY.3MEI.1,9.0,0.0,
TWOWAY.3DVZ.0,13.0,0.0,
TWOWAY.2PXV.0,6.0,0.0,
TWOWAY.2PXV.1,9.0,0.0,
TWOWAY.2PXV.2,12.0,0.0,
TWOWAY.4E48.5,6.0,0.0,
TWOWAY.4E48.4,6.0,0.0,
TWOWAY.4E48.1,6.0,0.0,
TWOWAY.4E48.0,6.0,0.0,
TWOWAY.4E48.3,6.0,0.0,
TWOWAY.4E48.2,6.0,0.0,
TWOWAY.3FOZ.0,6.0,0.0,
TWOWAY.1S72.92,5.0,1.0,01056-02529|
TWOWAY.353D.0,6.0,0.0,
TWOWAY.2R22.0,6.0,0.0,
TWOWAY.2PN4.1,8.0,0.0,
TWOWAY.3R1C.17,6.0,0.0,
TWOWAY.1S72.30,13.0,3.0,0840-02055|02054-02648|01373-01431|
TWOWAY.3R1C.15,6.0,0.0,
TWOWAY.3R1C.14,6.0,0.0,
TWOWAY.3R1C.13,6.0,0.0,
TWOWAY.3R1C.12,6.0,0.0,
TWOWAY.3R1C.11,6.0,0.0,
TWOWAY.3R1C.10,6.0,0.0,
TWOWAY.1S72.39,10.0,0.0,
TWOWAY.1S72.38,13.0,0.0,
TWOWAY.2PN4.3,5.0,0.0,
TWOWAY.1TFW.0,6.0,0.0,
TWOWAY.3R1C.18,6.0,0.0,
TWOWAY.1KD5.0,12.0,0.0,
TWOWAY.2GDI.5,5.0,1.0,X24-X37|
TWOWAY.2GDI.6,10.0,3.0,Y19-Y42|Y21-Y71|Y41-Y48|
TWOWAY.1J9H.1,5.0,2.0,A7-B12|A8-B13|
TWOWAY.1FUF.0,6.0,1.0,A6-B18|
TWOWAY.1FUF.1,6.0,1.0,A4-B20|
TWOWAY.1GID.13,5.0,0.0,
TWOWAY.3WBM.1,8.0,0.0,
TWOWAY.3WBM.0,8.0,0.0,
TWOWAY.3WBM.3,5.0,0.0,
TWOWAY.3WBM.2,5.0,0.0,
TWOWAY.3GLP.2,6.0,0.0,
TWOWAY.3GLP.3,6.0,0.0,
TWOWAY.3GLP.0,6.0,0.0,
TWOWAY.3GLP.1,6.0,0.0,
TWOWAY.2PN4.5,5.0,0.0,
TWOWAY.1LNG.2,11.0,2.0,B176-B194|B176-B224|
TWOWAY.1LNG.3,14.0,0.0,
TWOWAY.1O9M.0,6.0,0.0,
TWOWAY.1O9M.1,7.0,0.0,
TWOWAY.1CSL.0,9.0,0.0,
TWOWAY.2PJP.0,5.0,0.0,
TWOWAY.1GID.12,5.0,1.0,B110-B183|
TWOWAY.2QEK.1,7.0,0.0,
TWOWAY.2QEK.0,7.0,0.0,
TWOWAY.3SZX.0,6.0,0.0,
TWOWAY.3SZX.1,6.0,0.0,
TWOWAY.3SZX.2,6.0,0.0,
TWOWAY.2QUX.0,5.0,1.0,C4-C21|
TWOWAY.2QUX.1,5.0,0.0,
TWOWAY.2QUX.2,5.0,0.0,
TWOWAY.2QUX.4,5.0,1.0,O4-O21|
TWOWAY.2QUX.5,5.0,0.0,
TWOWAY.4KYY.2,6.0,0.0,
TWOWAY.1GID.9,5.0,0.0,
TWOWAY.1GID.8,5.0,1.0,A110-A183|
TWOWAY.1GID.3,11.0,4.0,A168-A188|A110-A183|A181-A186|A184-A212|
TWOWAY.1GID.2,13.0,1.0,A124-A201|
TWOWAY.1GID.1,9.0,1.0,A116-A204|
TWOWAY.1GID.0,9.0,5.0,A103-A256|A104-A257|A105-A258|A107-A259|A214-A259|
TWOWAY.1GID.7,11.0,5.0,B168-B188|B110-B183|B137-B182|B181-B186|B184-B212|
TWOWAY.1GID.6,13.0,1.0,B124-B201|
TWOWAY.1GID.5,9.0,0.0,
TWOWAY.1GID.4,9.0,5.0,B103-B256|B104-B257|B105-B258|B107-B259|B214-B259|
TWOWAY.4K27.2,8.0,0.0,
TWOWAY.4K27.3,9.0,0.0,
TWOWAY.4K27.0,8.0,0.0,
TWOWAY.4K27.1,8.0,0.0,
TWOWAY.2VPL.4,5.0,0.0,
TWOWAY.2VPL.0,12.0,0.0,
TWOWAY.2VPL.1,6.0,0.0,
TWOWAY.2VPL.2,12.0,0.0,
TWOWAY.2VPL.3,5.0,0.0,
TWOWAY.4OO8.2,6.0,0.0,
TWOWAY.4OO8.3,5.0,0.0,
TWOWAY.4OO8.0,10.0,0.0,
TWOWAY.4OO8.1,10.0,0.0,
TWOWAY.4OO8.4,5.0,0.0,
TWOWAY.165D.0,8.0,0.0,
TWOWAY.3MXH.2,6.0,1.0,R62-R78|
TWOWAY.4BW0.0,13.0,0.0,
TWOWAY.1S72.48,8.0,0.0,
TWOWAY.1S72.49,6.0,0.0,
TWOWAY.3R1C.28,6.0,0.0,
TWOWAY.3R1C.29,6.0,0.0,
TWOWAY.3R1C.26,6.0,0.0,
TWOWAY.1S72.41,13.0,0.0,
TWOWAY.1S72.42,16.0,2.0,01857-02246|01859-01878|
TWOWAY.1S72.43,14.0,2.0,01910-02128|01931-02267|
TWOWAY.1S72.44,16.0,0.0,
TWOWAY.3R1C.23,6.0,0.0,
TWOWAY.405D.1,6.0,0.0,
TWOWAY.1S72.47,7.0,0.0,
TWOWAY.3R1C.27,6.0,0.0,
TWOWAY.1MWL.3,6.0,0.0,
TWOWAY.3R1C.24,6.0,0.0,
TWOWAY.1MWL.0,6.0,0.0,
TWOWAY.3R1C.25,6.0,0.0,
TWOWAY.3R1C.22,6.0,0.0,
TWOWAY.4K31.3,6.0,0.0,
TWOWAY.4K31.2,7.0,0.0,
TWOWAY.4K31.1,7.0,0.0,
TWOWAY.4K31.0,6.0,0.0,
TWOWAY.1S72.46,7.0,1.0,02054-02648|
TWOWAY.3R1C.21,6.0,0.0,
TWOWAY.1S72.37,13.0,1.0,01542-01616|
TWOWAY.2ZY6.1,5.0,1.0,A12-A19|
TWOWAY.2ZY6.0,9.0,0.0,
TWOWAY.405D.0,6.0,0.0,
TWOWAY.1S72.36,11.0,2.0,01495-01572|01511-01573|
TWOWAY.3R1C.16,6.0,0.0,
TWOWAY.1S72.33,7.0,1.0,01475-01866|
TWOWAY.3E5C.0,9.0,2.0,A31-A36|A9-A31|
TWOWAY.1S72.32,12.0,6.0,0861-01488|0863-01459|01452-01486|01485-01656|01487-01697|01489-01657|
TWOWAY.1S72.34,13.0,0.0,
TWOWAY.4M4O.0,6.0,0.0,
TWOWAY.4M4O.1,6.0,0.0,
TWOWAY.397D.0,7.0,0.0,
TWOWAY.1DFU.0,18.0,0.0,
TWOWAY.4P95.2,13.0,0.0,
TWOWAY.3R1C.19,6.0,0.0,
TWOWAY.4P95.0,8.0,2.0,A223-A570|A224-A571|
TWOWAY.4P95.1,6.0,0.0,
TWOWAY.1T0E.1,6.0,0.0,
TWOWAY.3RW6.0,16.0,0.0,
TWOWAY.3RW6.1,6.0,0.0,
TWOWAY.3RW6.2,16.0,0.0,
TWOWAY.3RW6.3,6.0,0.0,
TWOWAY.3RW6.4,6.0,1.0,F9-F55|
TWOWAY.3RW6.5,6.0,0.0,
TWOWAY.3RW6.6,6.0,1.0,H9-H55|
TWOWAY.3RW6.7,6.0,0.0,
TWOWAY.1YZ9.1,6.0,0.0,
TWOWAY.1YZ9.0,6.0,0.0,
TWOWAY.1J9H.2,5.0,2.0,C21-D34|C22-D35|
TWOWAY.4FNJ.0,6.0,0.0,
TWOWAY.3ZP8.0,8.0,0.0,
TWOWAY.354D.0,18.0,1.0,A71-B105|
TWOWAY.3TD1.0,6.0,0.0,
TWOWAY.3MEI.0,6.0,0.0,
TWOWAY.3TD1.3,6.0,0.0,
TWOWAY.3SJ2.0,6.0,0.0,
TWOWAY.3SJ2.1,6.0,0.0,
TWOWAY.1O9M.2,7.0,0.0,
TWOWAY.1O9M.3,6.0,0.0,
TWOWAY.1LNG.0,6.0,0.0,
TWOWAY.1LNG.1,7.0,2.0,B176-B194|B176-B224|
TWOWAY.3NPQ.0,8.0,0.0,
TWOWAY.1MJI.1,10.0,3.0,D39-D46|D40-D45|D36-D49|
TWOWAY.1MJI.0,10.0,3.0,C39-C46|C40-C45|C36-C49|
TWOWAY.2ZKO.0,6.0,0.0,
TWOWAY.3CJZ.0,8.0,2.0,A6-B20|A7-B19|
TWOWAY.280D.0,8.0,0.0,
TWOWAY.280D.1,8.0,0.0,
TWOWAY.1D4R.1,12.0,0.0,
TWOWAY.1D4R.0,8.0,0.0,
TWOWAY.3SJ2.2,6.0,0.0,
TWOWAY.1D4R.2,8.0,0.0,
TWOWAY.1A34.0,6.0,0.0,
